<?xml version="1.0" encoding="UTF-8"?>
<document type="com.apple.InterfaceBuilder3.CocoaTouch.Storyboard.XIB" version="3.0" toolsVersion="13529" targetRuntime="iOS.CocoaTouch" propertyAccessControl="none" useAutolayout="YES" useTraitCollections="YES" useSafeAreas="YES" colorMatched="YES" initialViewController="0GH-Ne-Mlo">
    <device id="retina4_7" orientation="portrait">
        <adaptation id="fullscreen"/>
    </device>
    <dependencies>
        <deployment identifier="iOS"/>
        <plugIn identifier="com.apple.InterfaceBuilder.IBCocoaTouchPlugin" version="13527"/>
        <capability name="Safe area layout guides" minToolsVersion="9.0"/>
        <capability name="documents saved in the Xcode 8 format" minToolsVersion="8.0"/>
    </dependencies>
    <scenes>
        <!--Table View Controller-->
        <scene sceneID="Ojl-gX-Mci">
            <objects>
                <tableViewController id="VDy-dC-WKv" sceneMemberID="viewController">
                    <tableView key="view" clipsSubviews="YES" contentMode="scaleToFill" alwaysBounceVertical="YES" dataMode="static" style="grouped" separatorStyle="default" rowHeight="-1" estimatedRowHeight="-1" sectionHeaderHeight="18" sectionFooterHeight="18" id="cV9-Ro-RuT">
                        <rect key="frame" x="0.0" y="0.0" width="375" height="667"/>
                        <autoresizingMask key="autoresizingMask" widthSizable="YES" heightSizable="YES"/>
                        <color key="backgroundColor" cocoaTouchSystemColor="groupTableViewBackgroundColor"/>
                        <sections>
                            <tableViewSection headerTitle="Table Demos" id="e79-Pi-TRQ">
                                <cells>
                                    <tableViewCell clipsSubviews="YES" contentMode="scaleToFill" preservesSuperviewLayoutMargins="YES" selectionStyle="default" indentationWidth="10" textLabel="spt-ED-FSV" style="IBUITableViewCellStyleDefault" id="Egy-m5-guL">
                                        <rect key="frame" x="0.0" y="55.5" width="375" height="44"/>
                                        <autoresizingMask key="autoresizingMask"/>
                                        <tableViewCellContentView key="contentView" opaque="NO" clipsSubviews="YES" multipleTouchEnabled="YES" contentMode="center" preservesSuperviewLayoutMargins="YES" insetsLayoutMarginsFromSafeArea="NO" tableViewCell="Egy-m5-guL" id="Fyh-U6-b1g">
                                            <rect key="frame" x="0.0" y="0.0" width="375" height="43.5"/>
                                            <autoresizingMask key="autoresizingMask"/>
                                            <subviews>
                                                <label opaque="NO" multipleTouchEnabled="YES" contentMode="left" insetsLayoutMarginsFromSafeArea="NO" text="Fruits" textAlignment="natural" lineBreakMode="tailTruncation" baselineAdjustment="alignBaselines" adjustsFontSizeToFit="NO" id="spt-ED-FSV">
                                                    <rect key="frame" x="16" y="0.0" width="343" height="43.5"/>
                                                    <autoresizingMask key="autoresizingMask"/>
                                                    <fontDescription key="fontDescription" type="system" pointSize="17"/>
                                                    <nil key="textColor"/>
                                                    <nil key="highlightedColor"/>
                                                </label>
                                            </subviews>
                                        </tableViewCellContentView>
                                        <connections>
                                            <segue destination="hyL-w9-j9N" kind="show" id="oDq-FN-L4Q"/>
                                        </connections>
                                    </tableViewCell>
                                </cells>
                            </tableViewSection>
                        </sections>
                        <connections>
                            <outlet property="dataSource" destination="VDy-dC-WKv" id="GMP-xw-g4p"/>
                            <outlet property="delegate" destination="VDy-dC-WKv" id="6Oz-BM-F9X"/>
                        </connections>
                    </tableView>
                    <navigationItem key="navigationItem" id="11S-0t-Em5"/>
                </tableViewController>
                <placeholder placeholderIdentifier="IBFirstResponder" id="fIt-Hp-A6a" userLabel="First Responder" sceneMemberID="firstResponder"/>
            </objects>
            <point key="canvasLocation" x="592.79999999999995" y="17.541229385307346"/>
        </scene>
        <!--Fruits Table View Controller-->
        <scene sceneID="zLj-El-XNf">
            <objects>
                <tableViewController id="hyL-w9-j9N" customClass="FruitsTableViewController" customModule="TableExample" customModuleProvider="target" sceneMemberID="viewController">
                    <tableView key="view" clipsSubviews="YES" contentMode="scaleToFill" alwaysBounceVertical="YES" dataMode="prototypes" style="plain" separatorStyle="default" rowHeight="-1" estimatedRowHeight="-1" sectionHeaderHeight="28" sectionFooterHeight="28" id="8ap-Mv-OVV">
                        <rect key="frame" x="0.0" y="0.0" width="375" height="667"/>
                        <autoresizingMask key="autoresizingMask" widthSizable="YES" heightSizable="YES"/>
                        <color key="backgroundColor" white="1" alpha="1" colorSpace="calibratedWhite"/>
                        <prototypes>
                            <tableViewCell clipsSubviews="YES" contentMode="scaleToFill" restorationIdentifier="finalScreen" preservesSuperviewLayoutMargins="YES" selectionStyle="default" indentationWidth="10" reuseIdentifier="LabelCell" textLabel="Qf7-F6-vz5" detailTextLabel="tRe-zR-58C" rowHeight="60" style="IBUITableViewCellStyleSubtitle" id="c10-vJ-tlE">
                                <rect key="frame" x="0.0" y="28" width="375" height="60"/>
                                <autoresizingMask key="autoresizingMask"/>
                                <tableViewCellContentView key="contentView" opaque="NO" clipsSubviews="YES" multipleTouchEnabled="YES" contentMode="center" preservesSuperviewLayoutMargins="YES" insetsLayoutMarginsFromSafeArea="NO" tableViewCell="c10-vJ-tlE" id="Gi0-5s-PCO">
                                    <rect key="frame" x="0.0" y="0.0" width="375" height="59.5"/>
                                    <autoresizingMask key="autoresizingMask"/>
                                    <subviews>
                                        <label opaque="NO" multipleTouchEnabled="YES" contentMode="left" insetsLayoutMarginsFromSafeArea="NO" text="Title" textAlignment="natural" lineBreakMode="tailTruncation" baselineAdjustment="alignBaselines" adjustsFontSizeToFit="NO" id="Qf7-F6-vz5">
                                            <rect key="frame" x="16" y="10" width="33.5" height="20.5"/>
                                            <autoresizingMask key="autoresizingMask"/>
                                            <fontDescription key="fontDescription" type="system" pointSize="17"/>
                                            <nil key="textColor"/>
                                            <nil key="highlightedColor"/>
                                        </label>
                                        <label opaque="NO" multipleTouchEnabled="YES" contentMode="left" insetsLayoutMarginsFromSafeArea="NO" text="Subtitle" textAlignment="natural" lineBreakMode="tailTruncation" baselineAdjustment="alignBaselines" adjustsFontSizeToFit="NO" id="tRe-zR-58C">
                                            <rect key="frame" x="16" y="33.5" width="44" height="14.5"/>
                                            <autoresizingMask key="autoresizingMask"/>
                                            <fontDescription key="fontDescription" type="system" pointSize="12"/>
                                            <nil key="textColor"/>
                                            <nil key="highlightedColor"/>
                                        </label>
                                    </subviews>
                                </tableViewCellContentView>
                                <connections>
                                    <segue destination="OUK-XM-IRo" kind="show" id="HUu-g1-Mm2"/>
                                </connections>
                            </tableViewCell>
                        </prototypes>
                        <connections>
                            <outlet property="dataSource" destination="hyL-w9-j9N" id="NPR-Si-x37"/>
                            <outlet property="delegate" destination="hyL-w9-j9N" id="TxC-dv-ycU"/>
                        </connections>
                    </tableView>
                </tableViewController>
                <placeholder placeholderIdentifier="IBFirstResponder" id="JDa-jo-3xN" userLabel="First Responder" sceneMemberID="firstResponder"/>
            </objects>
            <point key="canvasLocation" x="1329" y="18"/>
        </scene>
        <!--View Controller-->
        <scene sceneID="Ocm-3M-xhx">
            <objects>
                <viewController id="OUK-XM-IRo" sceneMemberID="viewController">
                    <view key="view" contentMode="scaleToFill" id="p4U-8C-ztd">
                        <rect key="frame" x="0.0" y="0.0" width="375" height="667"/>
                        <autoresizingMask key="autoresizingMask" widthSizable="YES" heightSizable="YES"/>
                        <subviews>
                            <label opaque="NO" userInteractionEnabled="NO" contentMode="left" horizontalHuggingPriority="251" verticalHuggingPriority="251" fixedFrame="YES" text="                 Projects on Fruits" textAlignment="natural" lineBreakMode="tailTruncation" baselineAdjustment="alignBaselines" adjustsFontSizeToFit="NO" translatesAutoresizingMaskIntoConstraints="NO" id="QpY-P4-z20">
                                <rect key="frame" x="34" y="457" width="307" height="70"/>
                                <autoresizingMask key="autoresizingMask" flexibleMaxX="YES" flexibleMaxY="YES"/>
                                <fontDescription key="fontDescription" type="system" pointSize="17"/>
                                <nil key="textColor"/>
                                <nil key="highlightedColor"/>
                            </label>
                            <imageView userInteractionEnabled="NO" contentMode="scaleToFill" horizontalHuggingPriority="251" verticalHuggingPriority="251" fixedFrame="YES" image="Apple" translatesAutoresizingMaskIntoConstraints="NO" id="bCb-DO-IDW">
                                <rect key="frame" x="67" y="122" width="240" height="237"/>
                                <autoresizingMask key="autoresizingMask" flexibleMaxX="YES" flexibleMaxY="YES"/>
                            </imageView>
                        </subviews>
                        <color key="backgroundColor" white="1" alpha="1" colorSpace="calibratedWhite"/>
                        <viewLayoutGuide key="safeArea" id="4NC-jo-ANz"/>
                    </view>
                </viewController>
                <placeholder placeholderIdentifier="IBFirstResponder" id="mLE-oP-X8a" userLabel="First Responder" sceneMemberID="firstResponder"/>
            </objects>
            <point key="canvasLocation" x="2080.8000000000002" y="17.541229385307346"/>
        </scene>
        <!--Navigation Controller-->
        <scene sceneID="A0F-FY-bCW">
            <objects>
                <navigationController automaticallyAdjustsScrollViewInsets="NO" id="0GH-Ne-Mlo" sceneMemberID="viewController">
                    <toolbarItems/>
                    <navigationBar key="navigationBar" contentMode="scaleToFill" insetsLayoutMarginsFromSafeArea="NO" id="H0L-HK-and">
                        <rect key="frame" x="0.0" y="20" width="375" height="44"/>
                        <autoresizingMask key="autoresizingMask"/>
                    </navigationBar>
                    <nil name="viewControllers"/>
                    <connections>
                        <segue destination="VDy-dC-WKv" kind="relationship" relationship="rootViewController" id="D3S-cK-YUe"/>
                    </connections>
                </navigationController>
                <placeholder placeholderIdentifier="IBFirstResponder" id="tWn-LS-ZVQ" userLabel="First Responder" sceneMemberID="firstResponder"/>
            </objects>
            <point key="canvasLocation" x="-130" y="18"/>
        </scene>
    </scenes>
    <resources>
        <image name="Apple" width="200" height="200"/>
    </resources>
</document>
